product name,product price,product url,product image link
Libra,$24.95,https://www.glassesshop.com/eyeglasses/fp2047,"https://glassesshop-res.cloudinary.com/c_fill,f_auto,fl_lossy,q_auto,w_800,h_400,c_pad/products/202002/5e43692687da0.jpg"
Benjamin,$29.95,https://www.glassesshop.com/eyeglasses/fm1466,"https://glassesshop-res.cloudinary.com/c_fill,f_auto,fl_lossy,q_auto,w_800,h_400,c_pad/products/202006/5eddb2e6b03a7.jpg"
Prairie,$34.95,https://www.glassesshop.com/eyeglasses/fz1461,"https://glassesshop-res.cloudinary.com/c_fill,f_auto,fl_lossy,q_auto,w_800,h_400,c_pad/products/202005/5eb913470af6b.jpg"
Lyndon,$19.95,https://www.glassesshop.com/eyeglasses/fm1286,"https://glassesshop-res.cloudinary.com/c_fill,f_auto,fl_lossy,q_auto,w_800,h_400,c_pad/products/201807/5b5fc1d09945c.jpg"
Taurus,$24.95,https://www.glassesshop.com/eyeglasses/fp2134,"https://glassesshop-res.cloudinary.com/c_fill,f_auto,fl_lossy,q_auto,w_800,h_400,c_pad/products/202010/5f92387b3fd44.jpg"
,,,
Haywood,$29.95,https://www.glassesshop.com/eyeglasses/fm1354,"https://glassesshop-res.cloudinary.com/c_fill,f_auto,fl_lossy,q_auto,w_800,h_400,c_pad/products/201812/5c2436744ec7f.jpg"
Gulfport,$19.95,https://www.glassesshop.com/eyeglasses/fp2108,"https://glassesshop-res.cloudinary.com/c_fill,f_auto,fl_lossy,q_auto,w_800,h_400,c_pad/products/202006/5ef06e47d9508.jpg"
Hayden,$24.95,https://www.glassesshop.com/eyeglasses/fp1237,"https://glassesshop-res.cloudinary.com/c_fill,f_auto,fl_lossy,q_auto,w_800,h_400,c_pad/products/201611/582e6147edb26.jpg"
Gulfport,$19.95,https://www.glassesshop.com/eyeglasses/fp2106,"https://glassesshop-res.cloudinary.com/c_fill,f_auto,fl_lossy,q_auto,w_800,h_400,c_pad/products/202006/5ef06e3a89c4c.jpg"
Riverside,$19.95,https://www.glassesshop.com/eyeglasses/fm1385,"https://glassesshop-res.cloudinary.com/c_fill,f_auto,fl_lossy,q_auto,w_800,h_400,c_pad/products/201906/5d031896295ff.jpg"
Martin,$29.95,https://www.glassesshop.com/eyeglasses/sm0795,"https://glassesshop-res.cloudinary.com/c_fill,f_auto,fl_lossy,q_auto,w_800,h_400,c_pad/products/201803/5ab4ad5bc248c.jpg"
Taurus,$24.95,https://www.glassesshop.com/eyeglasses/fp2071,"https://glassesshop-res.cloudinary.com/c_fill,f_auto,fl_lossy,q_auto,w_800,h_400,c_pad/products/202011/5fb61cb0e291c.jpg"
Saxton,$39.95,https://www.glassesshop.com/eyeglasses/fm1499,"https://glassesshop-res.cloudinary.com/c_fill,f_auto,fl_lossy,q_auto,w_800,h_400,c_pad/products/202009/5f616c753590c.jpg"
Taurus,$24.95,https://www.glassesshop.com/eyeglasses/fp2043,"https://glassesshop-res.cloudinary.com/c_fill,f_auto,fl_lossy,q_auto,w_800,h_400,c_pad/products/202002/5e43690b02bb9.jpg"
Hume,$29.95,https://www.glassesshop.com/eyeglasses/fz1297,"https://glassesshop-res.cloudinary.com/c_fill,f_auto,fl_lossy,q_auto,w_800,h_400,c_pad/products/201901/5c3403881a8fe.jpg"
Willie,$19.95,https://www.glassesshop.com/eyeglasses/sm0860,"https://glassesshop-res.cloudinary.com/c_fill,f_auto,fl_lossy,q_auto,w_800,h_400,c_pad/products/201810/5bbc51096d6bb.jpg"
Rochester,$29.95,https://www.glassesshop.com/eyeglasses/fm1263,"https://glassesshop-res.cloudinary.com/c_fill,f_auto,fl_lossy,q_auto,w_800,h_400,c_pad/products/201906/5cf730e71cec3.jpg"
,,,
Oberlin,$19.95,https://www.glassesshop.com/eyeglasses/fp2035,"https://glassesshop-res.cloudinary.com/c_fill,f_auto,fl_lossy,q_auto,w_800,h_400,c_pad/products/201911/5dbfed02cae13.jpg"
Oberlin,$19.95,https://www.glassesshop.com/eyeglasses/fp2034,"https://glassesshop-res.cloudinary.com/c_fill,f_auto,fl_lossy,q_auto,w_800,h_400,c_pad/products/202004/5e914ad60c331.jpg"
Bronx,$12.95,https://www.glassesshop.com/eyeglasses/fp1979,"https://glassesshop-res.cloudinary.com/c_fill,f_auto,fl_lossy,q_auto,w_800,h_400,c_pad/products/201910/5d9ff9961f92a.jpg"
,,,
Oberlin,$19.95,https://www.glassesshop.com/eyeglasses/fp2033,"https://glassesshop-res.cloudinary.com/c_fill,f_auto,fl_lossy,q_auto,w_800,h_400,c_pad/products/202004/5e914ace4f273.jpg"
Oberlin,$19.95,https://www.glassesshop.com/eyeglasses/fp2032,"https://glassesshop-res.cloudinary.com/c_fill,f_auto,fl_lossy,q_auto,w_800,h_400,c_pad/products/202001/5e28f5edb550c.jpg"
Cooksville,$12.95,https://www.glassesshop.com/eyeglasses/fp2010,"https://glassesshop-res.cloudinary.com/c_fill,f_auto,fl_lossy,q_auto,w_800,h_400,c_pad/products/202009/5f59eebb5cf10.jpg"
Asheville,$12.95,https://www.glassesshop.com/eyeglasses/fp1992,"https://glassesshop-res.cloudinary.com/c_fill,f_auto,fl_lossy,q_auto,w_800,h_400,c_pad/products/202008/5f28fbc5c037b.jpg"
Rainbow,$12.95,https://www.glassesshop.com/eyeglasses/fp2013,"https://glassesshop-res.cloudinary.com/c_fill,f_auto,fl_lossy,q_auto,w_800,h_400,c_pad/products/201910/5db16a534b675.jpg"
Miami,$29.95,https://www.glassesshop.com/eyeglasses/fz1391,"https://glassesshop-res.cloudinary.com/c_fill,f_auto,fl_lossy,q_auto,w_800,h_400,c_pad/products/201910/5d9ffa6c561dc.jpg"
Lindsay,$29.95,https://www.glassesshop.com/eyeglasses/fz1382,"https://glassesshop-res.cloudinary.com/c_fill,f_auto,fl_lossy,q_auto,w_800,h_400,c_pad/products/201908/5d4d19dba44c0.jpg"
Whittier,$29.95,https://www.glassesshop.com/eyeglasses/fz1313,"https://glassesshop-res.cloudinary.com/c_fill,f_auto,fl_lossy,q_auto,w_800,h_400,c_pad/products/201906/5cf8ca4e9765e.jpg"
Asheville,$12.95,https://www.glassesshop.com/eyeglasses/fp1991,"https://glassesshop-res.cloudinary.com/c_fill,f_auto,fl_lossy,q_auto,w_800,h_400,c_pad/products/201910/5d9ff9e77ae6e.jpg"
Dubois,$49.95,https://www.glassesshop.com/eyeglasses/ft0326,"https://glassesshop-res.cloudinary.com/c_fill,f_auto,fl_lossy,q_auto,w_800,h_400,c_pad/products/201908/5d4d180867511.jpg"
Marlowe,$19.95,https://www.glassesshop.com/eyeglasses/sup0711,"https://glassesshop-res.cloudinary.com/c_fill,f_auto,fl_lossy,q_auto,w_800,h_400,c_pad/products/201907/5d268bd89da12.jpg"
Horatio,$19.95,https://www.glassesshop.com/eyeglasses/sm0874,"https://glassesshop-res.cloudinary.com/c_fill,f_auto,fl_lossy,q_auto,w_800,h_400,c_pad/products/201812/5c2436850e3f4.jpg"
Maltz,$29.95,https://www.glassesshop.com/eyeglasses/fz1370,"https://glassesshop-res.cloudinary.com/c_fill,f_auto,fl_lossy,q_auto,w_800,h_400,c_pad/products/201907/5d268bd88f69a.jpg"
Celia,$19.95,https://www.glassesshop.com/eyeglasses/fm1389,"https://glassesshop-res.cloudinary.com/c_fill,f_auto,fl_lossy,q_auto,w_800,h_400,c_pad/products/201906/5d03189638680.jpg"
Celia,$19.95,https://www.glassesshop.com/eyeglasses/fm1387,"https://glassesshop-res.cloudinary.com/c_fill,f_auto,fl_lossy,q_auto,w_800,h_400,c_pad/products/201906/5d031896311f6.jpg"
Annabel,$39.95,https://www.glassesshop.com/eyeglasses/ft0304,"https://glassesshop-res.cloudinary.com/c_fill,f_auto,fl_lossy,q_auto,w_800,h_400,c_pad/products/201906/5d0318965cdb1.jpg"
Wilker,$29.95,https://www.glassesshop.com/eyeglasses/sup0622,"https://glassesshop-res.cloudinary.com/c_fill,f_auto,fl_lossy,q_auto,w_800,h_400,c_pad/products/201904/5cb69b5e59b5c.jpg"
Pete,$29.95,https://www.glassesshop.com/eyeglasses/fz1207,"https://glassesshop-res.cloudinary.com/c_fill,f_auto,fl_lossy,q_auto,w_800,h_400,c_pad/products/201807/5b4c5f5d54841.jpg"
Westlake,$44.95,https://www.glassesshop.com/eyeglasses/fz1437,"https://glassesshop-res.cloudinary.com/c_fill,f_auto,fl_lossy,q_auto,w_800,h_400,c_pad/products/202005/5eb9129c7a05e.jpg"
Genevieve,$34.95,https://www.glassesshop.com/eyeglasses/fz1268,"https://glassesshop-res.cloudinary.com/c_fill,f_auto,fl_lossy,q_auto,w_800,h_400,c_pad/products/201810/5bbc509cc7c07.jpg"
Vivian,$29.95,https://www.glassesshop.com/eyeglasses/fz1250,"https://glassesshop-res.cloudinary.com/c_fill,f_auto,fl_lossy,q_auto,w_800,h_400,c_pad/products/201810/5bbc4f0f37405.jpg"
Burke,$24.95,https://www.glassesshop.com/eyeglasses/fm1243,"https://glassesshop-res.cloudinary.com/c_fill,f_auto,fl_lossy,q_auto,w_800,h_400,c_pad/products/201805/5b05174513cea.jpg"
Jean,$24.95,https://www.glassesshop.com/eyeglasses/fp1719,"https://glassesshop-res.cloudinary.com/c_fill,f_auto,fl_lossy,q_auto,w_800,h_400,c_pad/products/201902/5c7757050ca47.jpg"
Derrick,$24.95,https://www.glassesshop.com/eyeglasses/fp1661,"https://glassesshop-res.cloudinary.com/c_fill,f_auto,fl_lossy,q_auto,w_800,h_400,c_pad/products/201805/5af16009d7b28.jpg"
Prince,$19.95,https://www.glassesshop.com/eyeglasses/fp1438,"https://glassesshop-res.cloudinary.com/c_fill,f_auto,fl_lossy,q_auto,w_800,h_400,c_pad/products/202005/5eb91ab52f793.jpg"
Mandy,$29.95,https://www.glassesshop.com/eyeglasses/fz1088,"https://glassesshop-res.cloudinary.com/c_fill,f_auto,fl_lossy,q_auto,w_800,h_400,c_pad/products/201805/5af25c0791bb4.jpg"
Haggai,$24.95,https://www.glassesshop.com/eyeglasses/fp1775,"https://glassesshop-res.cloudinary.com/c_fill,f_auto,fl_lossy,q_auto,w_800,h_400,c_pad/products/202005/5ecb7f0658107.jpg"
Butler,$19.95,https://www.glassesshop.com/eyeglasses/fp1841,"https://glassesshop-res.cloudinary.com/c_fill,f_auto,fl_lossy,q_auto,w_800,h_400,c_pad/products/201904/5cb69b512d7b0.jpg"
Oneida,$44.95,https://www.glassesshop.com/eyeglasses/ft0405,"https://glassesshop-res.cloudinary.com/c_fill,f_auto,fl_lossy,q_auto,w_800,h_400,c_pad/products/202009/5f5f30e761077.jpg"
Althea,$19.95,https://www.glassesshop.com/eyeglasses/fp2111,"https://glassesshop-res.cloudinary.com/c_fill,f_auto,fl_lossy,q_auto,w_800,h_400,c_pad/products/202007/5f0d02e66cf0b.jpg"
Libra,$24.95,https://www.glassesshop.com/eyeglasses/fp2046,"https://glassesshop-res.cloudinary.com/c_fill,f_auto,fl_lossy,q_auto,w_800,h_400,c_pad/products/202002/5e43691fca28d.jpg"
Gulfport,$19.95,https://www.glassesshop.com/eyeglasses/fp2107,"https://glassesshop-res.cloudinary.com/c_fill,f_auto,fl_lossy,q_auto,w_800,h_400,c_pad/products/202006/5ef06e410e21c.jpg"
Lagrange,$29.95,https://www.glassesshop.com/eyeglasses/fz1411,"https://glassesshop-res.cloudinary.com/c_fill,f_auto,fl_lossy,q_auto,w_800,h_400,c_pad/products/202004/5ea6ac493fdf0.jpg"
Miami,$29.95,https://www.glassesshop.com/eyeglasses/fz0981,"https://glassesshop-res.cloudinary.com/c_fill,f_auto,fl_lossy,q_auto,w_800,h_400,c_pad/products/201704/58f85d7927324.jpg"
Glenview,$49.95,https://www.glassesshop.com/eyeglasses/ft0364,"https://glassesshop-res.cloudinary.com/c_fill,f_auto,fl_lossy,q_auto,w_800,h_400,c_pad/products/202002/5e4288d506c67.jpg"
Evanston,$29.95,https://www.glassesshop.com/eyeglasses/sup0791,"https://glassesshop-res.cloudinary.com/c_fill,f_auto,fl_lossy,q_auto,w_800,h_400,c_pad/products/202007/5f1e8acd71af1.jpg"
Walnut,$29.95,https://www.glassesshop.com/eyeglasses/sup0821,"https://glassesshop-res.cloudinary.com/c_fill,f_auto,fl_lossy,q_auto,w_800,h_400,c_pad/products/202004/5e93cdb77d4ef.jpg"
Fresno,$12.95,https://www.glassesshop.com/eyeglasses/fp2036,"https://glassesshop-res.cloudinary.com/c_fill,f_auto,fl_lossy,q_auto,w_800,h_400,c_pad/products/202002/5e377f634cb1c.jpg"
Smith,$29.95,https://www.glassesshop.com/eyeglasses/fm1419,"https://glassesshop-res.cloudinary.com/c_fill,f_auto,fl_lossy,q_auto,w_800,h_400,c_pad/products/202002/5e377f5bbd9ec.jpg"
Bronx,$12.95,https://www.glassesshop.com/eyeglasses/fp1977,"https://glassesshop-res.cloudinary.com/c_fill,f_auto,fl_lossy,q_auto,w_800,h_400,c_pad/products/201910/5d9ff988f285a.jpg"
Mobile,$39.95,https://www.glassesshop.com/eyeglasses/ft0359,"https://glassesshop-res.cloudinary.com/c_fill,f_auto,fl_lossy,q_auto,w_800,h_400,c_pad/products/202002/5e377f95ab765.jpg"
Joni,$29.95,https://www.glassesshop.com/eyeglasses/fp2024,"https://glassesshop-res.cloudinary.com/c_fill,f_auto,fl_lossy,q_auto,w_800,h_400,c_pad/products/202006/5eddf0b0da7ac.jpg"
Asheville,$12.95,https://www.glassesshop.com/eyeglasses/fp1990,"https://glassesshop-res.cloudinary.com/c_fill,f_auto,fl_lossy,q_auto,w_800,h_400,c_pad/products/201910/5d9ff9e0a3ca8.jpg"
Labrador,$12.95,https://www.glassesshop.com/eyeglasses/fp1988,"https://glassesshop-res.cloudinary.com/c_fill,f_auto,fl_lossy,q_auto,w_800,h_400,c_pad/products/201910/5d9ff9d397b90.jpg"
,,,
Bronx,$12.95,https://www.glassesshop.com/eyeglasses/fp1978,"https://glassesshop-res.cloudinary.com/c_fill,f_auto,fl_lossy,q_auto,w_800,h_400,c_pad/products/201910/5d9ff98fb140d.jpg"
Wilsen,$29.95,https://www.glassesshop.com/eyeglasses/fz1315,"https://glassesshop-res.cloudinary.com/c_fill,f_auto,fl_lossy,q_auto,w_800,h_400,c_pad/products/201906/5cf8ca4ea18c0.jpg"
Eleanor,$12.95,https://www.glassesshop.com/eyeglasses/fp1948,"https://glassesshop-res.cloudinary.com/c_fill,f_auto,fl_lossy,q_auto,w_800,h_400,c_pad/products/202005/5ec4810dc05c2.jpg"
Burke,$24.95,https://www.glassesshop.com/eyeglasses/fm1244,"https://glassesshop-res.cloudinary.com/c_fill,f_auto,fl_lossy,q_auto,w_800,h_400,c_pad/products/201805/5b05174d38e7e.jpg"
Bray,$12.95,https://www.glassesshop.com/eyeglasses/fp1923,"https://glassesshop-res.cloudinary.com/c_fill,f_auto,fl_lossy,q_auto,w_800,h_400,c_pad/products/202101/5fffb4b75dafe.jpg"
Bobosa,$29.95,https://www.glassesshop.com/eyeglasses/fz1375,"https://glassesshop-res.cloudinary.com/c_fill,f_auto,fl_lossy,q_auto,w_800,h_400,c_pad/products/201907/5d2d2660a22b3.jpg"
Vogt,$29.95,https://www.glassesshop.com/eyeglasses/fz1320,"https://glassesshop-res.cloudinary.com/c_fill,f_auto,fl_lossy,q_auto,w_800,h_400,c_pad/products/201906/5cf8ca4eb5fb5.jpg"
Hume,$29.95,https://www.glassesshop.com/eyeglasses/fz1299,"https://glassesshop-res.cloudinary.com/c_fill,f_auto,fl_lossy,q_auto,w_800,h_400,c_pad/products/201901/5c340388202fb.jpg"
Jinbee,$19.95,https://www.glassesshop.com/eyeglasses/fp1903,"https://glassesshop-res.cloudinary.com/c_fill,f_auto,fl_lossy,q_auto,w_800,h_400,c_pad/products/201905/5ce3ad100f3fe.jpg"
Tacab,$19.95,https://www.glassesshop.com/eyeglasses/fp1831,"https://glassesshop-res.cloudinary.com/c_fill,f_auto,fl_lossy,q_auto,w_800,h_400,c_pad/products/201904/5cb69b5102348.jpg"
Ezekiel,$29.95,https://www.glassesshop.com/eyeglasses/fz1279,"https://glassesshop-res.cloudinary.com/c_fill,f_auto,fl_lossy,q_auto,w_800,h_400,c_pad/products/201810/5bbc50f665fff.jpg"
Averies,$19.95,https://www.glassesshop.com/eyeglasses/fp1828,"https://glassesshop-res.cloudinary.com/c_fill,f_auto,fl_lossy,q_auto,w_800,h_400,c_pad/products/202011/5fa4a3c7456f2.jpg"
,,,
Newark,$24.95,https://www.glassesshop.com/eyeglasses/fm1372,"https://glassesshop-res.cloudinary.com/c_fill,f_auto,fl_lossy,q_auto,w_800,h_400,c_pad/products/201903/5c99cd282b827.jpg"
Hume,$29.95,https://www.glassesshop.com/eyeglasses/fz1298,"https://glassesshop-res.cloudinary.com/c_fill,f_auto,fl_lossy,q_auto,w_800,h_400,c_pad/products/201901/5c3403881d955.jpg"
Haywood,$29.95,https://www.glassesshop.com/eyeglasses/fm1353,"https://glassesshop-res.cloudinary.com/c_fill,f_auto,fl_lossy,q_auto,w_800,h_400,c_pad/products/201812/5c2436744bcc2.jpg"
,,,
Haywood,$29.95,https://www.glassesshop.com/eyeglasses/fm1352,"https://glassesshop-res.cloudinary.com/c_fill,f_auto,fl_lossy,q_auto,w_800,h_400,c_pad/products/201812/5c243674485c6.jpg"
Robben,$39.95,https://www.glassesshop.com/eyeglasses/ft0242,"https://glassesshop-res.cloudinary.com/c_fill,f_auto,fl_lossy,q_auto,w_800,h_400,c_pad/products/201810/5bbc4f036842a.jpg"
Ezekiel,$29.95,https://www.glassesshop.com/eyeglasses/fz1278,"https://glassesshop-res.cloudinary.com/c_fill,f_auto,fl_lossy,q_auto,w_800,h_400,c_pad/products/201810/5bbc50f66304b.jpg"
Genevieve,$34.95,https://www.glassesshop.com/eyeglasses/fz1270,"https://glassesshop-res.cloudinary.com/c_fill,f_auto,fl_lossy,q_auto,w_800,h_400,c_pad/products/201812/5c26d172e6aa2.jpg"
Arlene,$24.95,https://www.glassesshop.com/eyeglasses/fp1763,"https://glassesshop-res.cloudinary.com/c_fill,f_auto,fl_lossy,q_auto,w_800,h_400,c_pad/products/201904/5ca2bda91b3a0.jpg"
Pete,$29.95,https://www.glassesshop.com/eyeglasses/fz1209,"https://glassesshop-res.cloudinary.com/c_fill,f_auto,fl_lossy,q_auto,w_800,h_400,c_pad/products/202008/5f4775478f20c.jpg"
Pete,$29.95,https://www.glassesshop.com/eyeglasses/fz1208,"https://glassesshop-res.cloudinary.com/c_fill,f_auto,fl_lossy,q_auto,w_800,h_400,c_pad/products/201807/5b4c5f6565a61.jpg"
Jean,$19.95,https://www.glassesshop.com/eyeglasses/fp1718,"https://glassesshop-res.cloudinary.com/c_fill,f_auto,fl_lossy,q_auto,w_800,h_400,c_pad/products/202010/5f9624a245c0e.jpg"
Jean,$24.95,https://www.glassesshop.com/eyeglasses/fp1717,"https://glassesshop-res.cloudinary.com/c_fill,f_auto,fl_lossy,q_auto,w_800,h_400,c_pad/products/201805/5b03bc6e7b94e.jpg"
Lexingto,$19.95,https://www.glassesshop.com/eyeglasses/fp1695,"https://glassesshop-res.cloudinary.com/c_fill,f_auto,fl_lossy,q_auto,w_800,h_400,c_pad/products/201805/5b03be9da29e0.jpg"
Lexingto,$19.95,https://www.glassesshop.com/eyeglasses/fp1694,"https://glassesshop-res.cloudinary.com/c_fill,f_auto,fl_lossy,q_auto,w_800,h_400,c_pad/products/201805/5b03be967b506.jpg"
Isaiah,$19.95,https://www.glassesshop.com/eyeglasses/fp1643,"https://glassesshop-res.cloudinary.com/c_fill,f_auto,fl_lossy,q_auto,w_800,h_400,c_pad/products/202008/5f4775405e761.jpg"
Cooksville,$24.95,https://www.glassesshop.com/eyeglasses/fp1568,"https://glassesshop-res.cloudinary.com/c_fill,f_auto,fl_lossy,q_auto,w_800,h_400,c_pad/products/202005/5eb91ac41a1bc.jpg"
Mandy,$29.95,https://www.glassesshop.com/eyeglasses/fz1090,"https://glassesshop-res.cloudinary.com/c_fill,f_auto,fl_lossy,q_auto,w_800,h_400,c_pad/products/201710/59e01c58d5a53.jpg"
Mandy,$29.95,https://www.glassesshop.com/eyeglasses/fz1089,"https://glassesshop-res.cloudinary.com/c_fill,f_auto,fl_lossy,q_auto,w_800,h_400,c_pad/products/201710/59e01c51ef38a.jpg"
Mandy,$29.95,https://www.glassesshop.com/eyeglasses/fz1087,"https://glassesshop-res.cloudinary.com/c_fill,f_auto,fl_lossy,q_auto,w_800,h_400,c_pad/products/201710/59e01c443bff6.jpg"
Nicole,$19.95,https://www.glassesshop.com/eyeglasses/fz1083,"https://glassesshop-res.cloudinary.com/c_fill,f_auto,fl_lossy,q_auto,w_800,h_400,c_pad/products/201710/59e01c2604ce3.jpg"
Fresno,$12.95,https://www.glassesshop.com/eyeglasses/fp2038,"https://glassesshop-res.cloudinary.com/c_fill,f_auto,fl_lossy,q_auto,w_800,h_400,c_pad/products/202002/5e377f71e127e.jpg"
Milne,$29.95,https://www.glassesshop.com/eyeglasses/fz1358,"https://glassesshop-res.cloudinary.com/c_fill,f_auto,fl_lossy,q_auto,w_800,h_400,c_pad/products/201907/5d1dad7e8b665.jpg"
Bruno,$19.95,https://www.glassesshop.com/eyeglasses/fp1506,"https://glassesshop-res.cloudinary.com/c_fill,f_auto,fl_lossy,q_auto,w_800,h_400,c_pad/products/201811/5bff5bf26798e.jpg"
Hillsborough,$19.95,https://www.glassesshop.com/eyeglasses/fp0989,"https://glassesshop-res.cloudinary.com/c_fill,f_auto,fl_lossy,q_auto,w_800,h_400,c_pad/products/202101/5ff15557c070f.jpg"
Joplin,$24.95,https://www.glassesshop.com/eyeglasses/fz1490,"https://glassesshop-res.cloudinary.com/c_fill,f_auto,fl_lossy,q_auto,w_800,h_400,c_pad/products/202008/5f30c1144643e.jpg"
Poppy,$29.95,https://www.glassesshop.com/eyeglasses/fz1573,"https://glassesshop-res.cloudinary.com/c_fill,f_auto,fl_lossy,q_auto,w_800,h_400,c_pad/products/202010/5f990bbe2ab21.jpg"
Bruno,$19.95,https://www.glassesshop.com/eyeglasses/fp1508,"https://glassesshop-res.cloudinary.com/c_fill,f_auto,fl_lossy,q_auto,w_800,h_400,c_pad/products/201807/5b3b102ed9395.jpg"
Dominic,$12.95,https://www.glassesshop.com/eyeglasses/fp2151,"https://glassesshop-res.cloudinary.com/c_fill,f_auto,fl_lossy,q_auto,w_800,h_400,c_pad/products/202011/5f9faec3362e6.jpg"
Baldwin,$19.95,https://www.glassesshop.com/eyeglasses/fp1618,"https://glassesshop-res.cloudinary.com/c_fill,f_auto,fl_lossy,q_auto,w_800,h_400,c_pad/products/201805/5afe7d156f3d7.jpg"
Labrador,$12.95,https://www.glassesshop.com/eyeglasses/fp1989,"https://glassesshop-res.cloudinary.com/c_fill,f_auto,fl_lossy,q_auto,w_800,h_400,c_pad/products/201910/5d9ff9da1df35.jpg"
Ezekiel,$29.95,https://www.glassesshop.com/eyeglasses/fz1277,"https://glassesshop-res.cloudinary.com/c_fill,f_auto,fl_lossy,q_auto,w_800,h_400,c_pad/products/201810/5bbc50f6605c9.jpg"
Darcy,$19.95,https://www.glassesshop.com/eyeglasses/sm0787,"https://glassesshop-res.cloudinary.com/c_fill,f_auto,fl_lossy,q_auto,w_800,h_400,c_pad/products/201811/5bff5bf283882.jpg"
Abina,$19.95,https://www.glassesshop.com/eyeglasses/fp1938,"https://glassesshop-res.cloudinary.com/c_fill,f_auto,fl_lossy,q_auto,w_800,h_400,c_pad/products/201910/5db00f040fdf1.jpg"
Iowa,$29.95,https://www.glassesshop.com/eyeglasses/fz1015,"https://glassesshop-res.cloudinary.com/c_fill,f_auto,fl_lossy,q_auto,w_800,h_400,c_pad/products/201707/595c863c38c17.jpg"
Tiffen,$19.95,https://www.glassesshop.com/eyeglasses/fp1443,"https://glassesshop-res.cloudinary.com/c_fill,f_auto,fl_lossy,q_auto,w_800,h_400,c_pad/products/201711/59fd64946717c.jpg"
Flushing,$12.95,https://www.glassesshop.com/eyeglasses/fp1972,"https://glassesshop-res.cloudinary.com/c_fill,f_auto,fl_lossy,q_auto,w_800,h_400,c_pad/products/201910/5da92ccb3d0a5.jpg"
Burke,$9.95,https://www.glassesshop.com/eyeglasses/fm1245,"https://glassesshop-res.cloudinary.com/c_fill,f_auto,fl_lossy,q_auto,w_800,h_400,c_pad/products/201805/5b0fae09bbb09.jpg"
Otis,$9.95,https://www.glassesshop.com/eyeglasses/fp1742,"https://glassesshop-res.cloudinary.com/c_fill,f_auto,fl_lossy,q_auto,w_800,h_400,c_pad/products/201807/5b4c4e365c7ab.jpg"
Arlene,$24.95,https://www.glassesshop.com/eyeglasses/fp1764,"https://glassesshop-res.cloudinary.com/c_fill,f_auto,fl_lossy,q_auto,w_800,h_400,c_pad/products/201808/5b7e0ee2975f3.jpg"
Dominic,$12.95,https://www.glassesshop.com/eyeglasses/fp2149,"https://glassesshop-res.cloudinary.com/c_fill,f_auto,fl_lossy,q_auto,w_800,h_400,c_pad/products/202011/5f9faeb45812b.jpg"
Isaiah,$19.95,https://www.glassesshop.com/eyeglasses/fp1644,"https://glassesshop-res.cloudinary.com/c_fill,f_auto,fl_lossy,q_auto,w_800,h_400,c_pad/products/201805/5afe7e919eb7f.jpg"
Genevieve,$19.95,https://www.glassesshop.com/eyeglasses/fz1269,"https://glassesshop-res.cloudinary.com/c_fill,f_auto,fl_lossy,q_auto,w_800,h_400,c_pad/products/201810/5bbc509cca408.jpg"
Annabelle,$24.95,https://www.glassesshop.com/eyeglasses/fp2086,"https://glassesshop-res.cloudinary.com/c_fill,f_auto,fl_lossy,q_auto,w_800,h_400,c_pad/products/202005/5eb8b58e68ce6.jpg"
Ingemar,$19.95,https://www.glassesshop.com/eyeglasses/rm0298,"https://glassesshop-res.cloudinary.com/c_fill,f_auto,fl_lossy,q_auto,w_800,h_400,c_pad/products/202009/5f5edd8188533.jpg"
Glendale,$24.95,https://www.glassesshop.com/eyeglasses/fp2121,"https://glassesshop-res.cloudinary.com/c_fill,f_auto,fl_lossy,q_auto,w_800,h_400,c_pad/products/202008/5f30d2fad8395.jpg"
Lyndon,$19.95,https://www.glassesshop.com/eyeglasses/fm1285,"https://glassesshop-res.cloudinary.com/c_fill,f_auto,fl_lossy,q_auto,w_800,h_400,c_pad/products/202101/5ff282180d2ac.jpg"
Holt,$19.95,https://www.glassesshop.com/eyeglasses/fp1401,"https://glassesshop-res.cloudinary.com/c_fill,f_auto,fl_lossy,q_auto,w_800,h_400,c_pad/products/201708/59841308cc508.jpg"
,,,
Joni,$29.95,https://www.glassesshop.com/eyeglasses/fp2023,"https://glassesshop-res.cloudinary.com/c_fill,f_auto,fl_lossy,q_auto,w_800,h_400,c_pad/products/201911/5dd3994cc9705.jpg"
Lyndon,$19.95,https://www.glassesshop.com/eyeglasses/fm1284,"https://glassesshop-res.cloudinary.com/c_fill,f_auto,fl_lossy,q_auto,w_800,h_400,c_pad/products/201807/5b5fc1c0cc782.jpg"
Adam,$24.95,https://www.glassesshop.com/eyeglasses/fp1543,"https://glassesshop-res.cloudinary.com/c_fill,f_auto,fl_lossy,q_auto,w_800,h_400,c_pad/products/201801/5a65815f91df3.jpg"
Darlene,$19.95,https://www.glassesshop.com/eyeglasses/fp1181,"https://glassesshop-res.cloudinary.com/c_fill,f_auto,fl_lossy,q_auto,w_800,h_400,c_pad/products/202004/5e9808da44c7a.jpg"
Gabriel,$19.95,https://www.glassesshop.com/eyeglasses/rm0296,"https://glassesshop-res.cloudinary.com/c_fill,f_auto,fl_lossy,q_auto,w_800,h_400,c_pad/products/202009/5f5edd7b9f26a.jpg"
Fresno,$12.95,https://www.glassesshop.com/eyeglasses/fp2039,"https://glassesshop-res.cloudinary.com/c_fill,f_auto,fl_lossy,q_auto,w_800,h_400,c_pad/products/202002/5e377f795f84d.jpg"
Astrid,$19.95,https://www.glassesshop.com/eyeglasses/fp1500,"https://glassesshop-res.cloudinary.com/c_fill,f_auto,fl_lossy,q_auto,w_800,h_400,c_pad/products/202005/5ec744a8c80b0.jpg"
Salisbury,$19.95,https://www.glassesshop.com/eyeglasses/fp2105,"https://glassesshop-res.cloudinary.com/c_fill,f_auto,fl_lossy,q_auto,w_800,h_400,c_pad/products/202006/5ef06e335153e.jpg"
Eden,$19.95,https://www.glassesshop.com/eyeglasses/fp2065,"https://glassesshop-res.cloudinary.com/c_fill,f_auto,fl_lossy,q_auto,w_800,h_400,c_pad/products/202004/5ea6a71f36e14.jpg"
Thomasville,$24.95,https://www.glassesshop.com/eyeglasses/fp1563,"https://glassesshop-res.cloudinary.com/c_fill,f_auto,fl_lossy,q_auto,w_800,h_400,c_pad/products/202005/5eb91abca5cd5.jpg"
Mobile,$39.95,https://www.glassesshop.com/eyeglasses/ft0360,"https://glassesshop-res.cloudinary.com/c_fill,f_auto,fl_lossy,q_auto,w_800,h_400,c_pad/products/202002/5e377f9ccb097.jpg"
Bray,$12.95,https://www.glassesshop.com/eyeglasses/fp1922,"https://glassesshop-res.cloudinary.com/c_fill,f_auto,fl_lossy,q_auto,w_800,h_400,c_pad/products/202101/5fffb4b1ba038.jpg"
,,,
Butler,$19.95,https://www.glassesshop.com/eyeglasses/fp1843,"https://glassesshop-res.cloudinary.com/c_fill,f_auto,fl_lossy,q_auto,w_800,h_400,c_pad/products/201904/5cb69b51374f0.jpg"
Rainbow,$12.95,https://www.glassesshop.com/eyeglasses/fp1658,"https://glassesshop-res.cloudinary.com/c_fill,f_auto,fl_lossy,q_auto,w_800,h_400,c_pad/products/201806/5b10dfd765cde.jpg"
Flushing,$12.95,https://www.glassesshop.com/eyeglasses/fp1973,"https://glassesshop-res.cloudinary.com/c_fill,f_auto,fl_lossy,q_auto,w_800,h_400,c_pad/products/202012/5fdb212629f43.jpg"
,,,
Omar,$19.95,https://www.glassesshop.com/eyeglasses/fm1271,"https://glassesshop-res.cloudinary.com/c_fill,f_auto,fl_lossy,q_auto,w_800,h_400,c_pad/products/201807/5b4c4d7b98167.jpg"
Sarasota,$29.95,https://www.glassesshop.com/eyeglasses/sup0798,"https://glassesshop-res.cloudinary.com/c_fill,f_auto,fl_lossy,q_auto,w_800,h_400,c_pad/products/202004/5e93cd08e1a75.jpg"
Trenton,$19.95,https://www.glassesshop.com/eyeglasses/fp1232,"https://glassesshop-res.cloudinary.com/c_fill,f_auto,fl_lossy,q_auto,w_800,h_400,c_pad/products/201611/58252d0bc746b.jpg"
Belle,$19.95,https://www.glassesshop.com/eyeglasses/fp1768,"https://glassesshop-res.cloudinary.com/c_fill,f_auto,fl_lossy,q_auto,w_800,h_400,c_pad/products/201808/5b7e0ee2a1137.jpg"
Brunswick,$29.95,https://www.glassesshop.com/eyeglasses/fm1017,"https://glassesshop-res.cloudinary.com/c_fill,f_auto,fl_lossy,q_auto,w_800,h_400,c_pad/products/201805/5af13c7ed9208.jpg"
Watertown,$19.95,https://www.glassesshop.com/eyeglasses/fp1805,"https://glassesshop-res.cloudinary.com/c_fill,f_auto,fl_lossy,q_auto,w_800,h_400,c_pad/products/201903/5c99cd4246eda.jpg"
Watertown,$19.95,https://www.glassesshop.com/eyeglasses/fp1806,"https://glassesshop-res.cloudinary.com/c_fill,f_auto,fl_lossy,q_auto,w_800,h_400,c_pad/products/201903/5c99cd4249635.jpg"
Enoch,$29.95,https://www.glassesshop.com/eyeglasses/fz1159,"https://glassesshop-res.cloudinary.com/c_fill,f_auto,fl_lossy,q_auto,w_800,h_400,c_pad/products/201805/5b0fae2e711fc.jpg"
Whittier,$29.95,https://www.glassesshop.com/eyeglasses/fz1311,"https://glassesshop-res.cloudinary.com/c_fill,f_auto,fl_lossy,q_auto,w_800,h_400,c_pad/products/201906/5cf8ca4e8f77c.jpg"
Willie,$19.95,https://www.glassesshop.com/eyeglasses/sm0862,"https://glassesshop-res.cloudinary.com/c_fill,f_auto,fl_lossy,q_auto,w_800,h_400,c_pad/products/201810/5bbc510972368.jpg"
Riverside,$19.95,https://www.glassesshop.com/eyeglasses/fm1384,"https://glassesshop-res.cloudinary.com/c_fill,f_auto,fl_lossy,q_auto,w_800,h_400,c_pad/products/201906/5d0318962569f.jpg"
Salinas,$24.95,https://www.glassesshop.com/eyeglasses/fp2124,"https://glassesshop-res.cloudinary.com/c_fill,f_auto,fl_lossy,q_auto,w_800,h_400,c_pad/products/202008/5f30d30f5d6a5.jpg"
Leigh,$29.95,https://www.glassesshop.com/eyeglasses/fz1368,"https://glassesshop-res.cloudinary.com/c_fill,f_auto,fl_lossy,q_auto,w_800,h_400,c_pad/products/201907/5d268bd885fb9.jpg"
Arlene,$24.95,https://www.glassesshop.com/eyeglasses/fp1762,"https://glassesshop-res.cloudinary.com/c_fill,f_auto,fl_lossy,q_auto,w_800,h_400,c_pad/products/201808/5b7e0ee291eff.jpg"
Plains,$24.95,https://www.glassesshop.com/eyeglasses/fp2026,"https://glassesshop-res.cloudinary.com/c_fill,f_auto,fl_lossy,q_auto,w_800,h_400,c_pad/products/201911/5dbfecc57f5b9.jpg"
Milne,$29.95,https://www.glassesshop.com/eyeglasses/fz1357,"https://glassesshop-res.cloudinary.com/c_fill,f_auto,fl_lossy,q_auto,w_800,h_400,c_pad/products/201907/5d1dad7e883b2.jpg"
Dinas,$12.95,https://www.glassesshop.com/eyeglasses/fp1947,"https://glassesshop-res.cloudinary.com/c_fill,f_auto,fl_lossy,q_auto,w_800,h_400,c_pad/products/201909/5d8d7514a11ba.jpg"
Aiden,$19.95,https://www.glassesshop.com/eyeglasses/fp1631,"https://glassesshop-res.cloudinary.com/c_fill,f_auto,fl_lossy,q_auto,w_800,h_400,c_pad/products/201805/5afe7d402928f.jpg"
Jerry,$24.95,https://www.glassesshop.com/eyeglasses/fp1593,"https://glassesshop-res.cloudinary.com/c_fill,f_auto,fl_lossy,q_auto,w_800,h_400,c_pad/products/201805/5afb961147318.jpg"
Jinbee,$9.95,https://www.glassesshop.com/eyeglasses/fp1902,"https://glassesshop-res.cloudinary.com/c_fill,f_auto,fl_lossy,q_auto,w_800,h_400,c_pad/products/201905/5ce3acf5d8bc6.jpg"
Martin,$29.95,https://www.glassesshop.com/eyeglasses/sm0793,"https://glassesshop-res.cloudinary.com/c_fill,f_auto,fl_lossy,q_auto,w_800,h_400,c_pad/products/201803/5ab4ad4c8b0fd.jpg"
Terre,$32.95,https://www.glassesshop.com/eyeglasses/rm0247,"https://glassesshop-res.cloudinary.com/c_fill,f_auto,fl_lossy,q_auto,w_800,h_400,c_pad/products/201703/58c7556ccda85.jpg"
Bevis,$29.95,https://www.glassesshop.com/eyeglasses/fm1495,"https://glassesshop-res.cloudinary.com/c_fill,f_auto,fl_lossy,q_auto,w_800,h_400,c_pad/products/202009/5f5f30625eb2b.jpg"
Bevis,$29.95,https://www.glassesshop.com/eyeglasses/fm1494,"https://glassesshop-res.cloudinary.com/c_fill,f_auto,fl_lossy,q_auto,w_800,h_400,c_pad/products/202009/5f5f305bd93d4.jpg"
Fresno,$12.95,https://www.glassesshop.com/eyeglasses/fp2037,"https://glassesshop-res.cloudinary.com/c_fill,f_auto,fl_lossy,q_auto,w_800,h_400,c_pad/products/202002/5e377f6ae302a.jpg"
Averies,$19.95,https://www.glassesshop.com/eyeglasses/fp1830,"https://glassesshop-res.cloudinary.com/c_fill,f_auto,fl_lossy,q_auto,w_800,h_400,c_pad/products/201904/5cb69b4231106.jpg"
Butler,$19.95,https://www.glassesshop.com/eyeglasses/fp1842,"https://glassesshop-res.cloudinary.com/c_fill,f_auto,fl_lossy,q_auto,w_800,h_400,c_pad/products/201904/5cb69b513279a.jpg"
Stephen,$12.95,https://www.glassesshop.com/eyeglasses/sm0898,"https://glassesshop-res.cloudinary.com/c_fill,f_auto,fl_lossy,q_auto,w_800,h_400,c_pad/products/202009/5f5f30ccc7b43.jpg"
Rochester,$29.95,https://www.glassesshop.com/eyeglasses/fm1382,"https://glassesshop-res.cloudinary.com/c_fill,f_auto,fl_lossy,q_auto,w_800,h_400,c_pad/products/201906/5cff0f5a55c40.jpg"
Thomasville,$24.95,https://www.glassesshop.com/eyeglasses/fp1564,"https://glassesshop-res.cloudinary.com/c_fill,f_auto,fl_lossy,q_auto,w_800,h_400,c_pad/products/201803/5ab494f934f90.jpg"
Hyannis,$29.95,https://www.glassesshop.com/eyeglasses/fp1110,"https://glassesshop-res.cloudinary.com/c_fill,f_auto,fl_lossy,q_auto,w_800,h_400,c_pad/products/201708/5983fe65ed003.jpg"
Jellico,$29.95,https://www.glassesshop.com/eyeglasses/fz1494,"https://glassesshop-res.cloudinary.com/c_fill,f_auto,fl_lossy,q_auto,w_800,h_400,c_pad/products/202008/5f30c12f1a958.jpg"
Angel,$19.95,https://www.glassesshop.com/eyeglasses/fp1646,"https://glassesshop-res.cloudinary.com/c_fill,f_auto,fl_lossy,q_auto,w_800,h_400,c_pad/products/201805/5afe7ea43b647.jpg"
Zoe,$19.95,https://www.glassesshop.com/eyeglasses/fp1456,"https://glassesshop-res.cloudinary.com/c_fill,f_auto,fl_lossy,q_auto,w_800,h_400,c_pad/products/201909/5d8d74c323898.jpg"
Hartford,$24.95,https://www.glassesshop.com/eyeglasses/fp2078,"https://glassesshop-res.cloudinary.com/c_fill,f_auto,fl_lossy,q_auto,w_800,h_400,c_pad/products/202005/5eb8b558a5c49.jpg"
Yonkers,$12.95,https://www.glassesshop.com/eyeglasses/fp1984,"https://glassesshop-res.cloudinary.com/c_fill,f_auto,fl_lossy,q_auto,w_800,h_400,c_pad/products/201910/5d9ff9b83e263.jpg"
Beulah,$29.95,https://www.glassesshop.com/eyeglasses/fz1245,"https://glassesshop-res.cloudinary.com/c_fill,f_auto,fl_lossy,q_auto,w_800,h_400,c_pad/products/201910/5daeb8aaa34ed.jpg"
Nicole,$29.95,https://www.glassesshop.com/eyeglasses/fz1086,"https://glassesshop-res.cloudinary.com/c_fill,f_auto,fl_lossy,q_auto,w_800,h_400,c_pad/products/201710/59e01c3b75cd1.jpg"
Eleanor,$12.95,https://www.glassesshop.com/eyeglasses/fp1949,"https://glassesshop-res.cloudinary.com/c_fill,f_auto,fl_lossy,q_auto,w_800,h_400,c_pad/products/202008/5f28fbbee8ec8.jpg"
Silber,$9.95,https://www.glassesshop.com/eyeglasses/fm1182,"https://glassesshop-res.cloudinary.com/c_fill,f_auto,fl_lossy,q_auto,w_800,h_400,c_pad/products/201804/5acd64b80c1f1.jpg"
Valentina,$19.95,https://www.glassesshop.com/eyeglasses/fp1453,"https://glassesshop-res.cloudinary.com/c_fill,f_auto,fl_lossy,q_auto,w_800,h_400,c_pad/products/201911/5dc4c12b79731.jpg"
Evansville,$6.95,https://www.glassesshop.com/eyeglasses/fp1362,"https://glassesshop-res.cloudinary.com/c_fill,f_auto,fl_lossy,q_auto,w_800,h_400,c_pad/products/201903/5c8721b66cc5a.jpg"
Hattiesburg,$24.95,https://www.glassesshop.com/eyeglasses/fp2113,"https://glassesshop-res.cloudinary.com/c_fill,f_auto,fl_lossy,q_auto,w_800,h_400,c_pad/products/202008/5f30d3312b46c.jpg"
Averies,$19.95,https://www.glassesshop.com/eyeglasses/fp1829,"https://glassesshop-res.cloudinary.com/c_fill,f_auto,fl_lossy,q_auto,w_800,h_400,c_pad/products/201904/5cb69b422b034.jpg"
,,,
Payne,$29.95,https://www.glassesshop.com/eyeglasses/fm1297,"https://glassesshop-res.cloudinary.com/c_fill,f_auto,fl_lossy,q_auto,w_800,h_400,c_pad/products/201808/5b72831004578.jpg"
Plato,$5.95,https://www.glassesshop.com/eyeglasses/fm1184,"https://glassesshop-res.cloudinary.com/c_fill,f_auto,fl_lossy,q_auto,w_800,h_400,c_pad/products/201804/5acd64c835129.jpg"
Kelowna,$19.95,https://www.glassesshop.com/eyeglasses/fp1411,"https://glassesshop-res.cloudinary.com/c_fill,f_auto,fl_lossy,q_auto,w_800,h_400,c_pad/products/201710/59e4598958f4c.jpg"
Prima,$44.95,https://www.glassesshop.com/eyeglasses/fz1464,"https://glassesshop-res.cloudinary.com/c_fill,f_auto,fl_lossy,q_auto,w_800,h_400,c_pad/products/202006/5ef06e784609c.jpg"
Persol,$19.95,https://www.glassesshop.com/eyeglasses/fp1859,"https://glassesshop-res.cloudinary.com/c_fill,f_auto,fl_lossy,q_auto,w_800,h_400,c_pad/products/201904/5cc16d554bf7c.jpg"
Uriah,$19.95,https://www.glassesshop.com/eyeglasses/fm1308,"https://glassesshop-res.cloudinary.com/c_fill,f_auto,fl_lossy,q_auto,w_800,h_400,c_pad/products/201810/5bbc4f033d516.jpg"
Beulah,$29.95,https://www.glassesshop.com/eyeglasses/fz1247,"https://glassesshop-res.cloudinary.com/c_fill,f_auto,fl_lossy,q_auto,w_800,h_400,c_pad/products/201910/5daeb8bb49037.jpg"
Derrick,$24.95,https://www.glassesshop.com/eyeglasses/fp1657,"https://glassesshop-res.cloudinary.com/c_fill,f_auto,fl_lossy,q_auto,w_800,h_400,c_pad/products/201805/5af160006a5c9.jpg"
Evansville,$19.95,https://www.glassesshop.com/eyeglasses/fp1363,"https://glassesshop-res.cloudinary.com/c_fill,f_auto,fl_lossy,q_auto,w_800,h_400,c_pad/products/201707/595c86272f021.jpg"
Drew,$29.95,https://www.glassesshop.com/eyeglasses/fm1229,"https://glassesshop-res.cloudinary.com/c_fill,f_auto,fl_lossy,q_auto,w_800,h_400,c_pad/products/201805/5af160e55bf3b.jpg"
Benjamin,$29.95,https://www.glassesshop.com/eyeglasses/fm1467,"https://glassesshop-res.cloudinary.com/c_fill,f_auto,fl_lossy,q_auto,w_800,h_400,c_pad/products/202006/5eddb2edc1f7e.jpg"
Irvine,$24.95,https://www.glassesshop.com/eyeglasses/fp2072,"https://glassesshop-res.cloudinary.com/c_fill,f_auto,fl_lossy,q_auto,w_800,h_400,c_pad/products/202005/5eb8b52f69594.jpg"
,,,
Celia,$19.95,https://www.glassesshop.com/eyeglasses/fm1388,"https://glassesshop-res.cloudinary.com/c_fill,f_auto,fl_lossy,q_auto,w_800,h_400,c_pad/products/201906/5d03189634ede.jpg"
Osmond,$19.95,https://www.glassesshop.com/eyeglasses/fp1735,"https://glassesshop-res.cloudinary.com/c_fill,f_auto,fl_lossy,q_auto,w_800,h_400,c_pad/products/201807/5b4c4dfeeeb45.jpg"
Carrie,$24.95,https://www.glassesshop.com/eyeglasses/fm1252,"https://glassesshop-res.cloudinary.com/c_fill,f_auto,fl_lossy,q_auto,w_800,h_400,c_pad/products/201805/5b0517771196a.jpg"
,,,
Plato,$5.95,https://www.glassesshop.com/eyeglasses/fm1178,"https://glassesshop-res.cloudinary.com/c_fill,f_auto,fl_lossy,q_auto,w_800,h_400,c_pad/products/201804/5acd64955af9c.jpg"
Hawthorn,$29.95,https://www.glassesshop.com/eyeglasses/fm1349,"https://glassesshop-res.cloudinary.com/c_fill,f_auto,fl_lossy,q_auto,w_800,h_400,c_pad/products/201812/5c2436744043a.jpg"
Heather,$29.95,https://www.glassesshop.com/eyeglasses/fp1704,"https://glassesshop-res.cloudinary.com/c_fill,f_auto,fl_lossy,q_auto,w_800,h_400,c_pad/products/202004/5e9d1d010a57b.jpg"
Plains,$24.95,https://www.glassesshop.com/eyeglasses/fp2027,"https://glassesshop-res.cloudinary.com/c_fill,f_auto,fl_lossy,q_auto,w_800,h_400,c_pad/products/202004/5e9fa6191609c.jpg"
Isaiah,$19.95,https://www.glassesshop.com/eyeglasses/fp1642,"https://glassesshop-res.cloudinary.com/c_fill,f_auto,fl_lossy,q_auto,w_800,h_400,c_pad/products/201910/5db26823a6070.jpg"
Lopez,$12.95,https://www.glassesshop.com/eyeglasses/fm1192,"https://glassesshop-res.cloudinary.com/c_fill,f_auto,fl_lossy,q_auto,w_800,h_400,c_pad/products/201804/5acd65a965f8e.jpg"
Buckeye,$29.95,https://www.glassesshop.com/eyeglasses/fz1092,"https://glassesshop-res.cloudinary.com/c_fill,f_auto,fl_lossy,q_auto,w_800,h_400,c_pad/products/201710/59e01c66e7109.jpg"
BowlingGreen,$29.95,https://www.glassesshop.com/eyeglasses/fp0917,"https://glassesshop-res.cloudinary.com/c_fill,f_auto,fl_lossy,q_auto,w_800,h_400,c_pad/products/201709/59c9aad199397.jpg"
Laguna,$24.95,https://www.glassesshop.com/eyeglasses/fp2126,"https://glassesshop-res.cloudinary.com/c_fill,f_auto,fl_lossy,q_auto,w_800,h_400,c_pad/products/202008/5f30d31c85097.jpg"
Audrey,$19.95,https://www.glassesshop.com/eyeglasses/fp2102,"https://glassesshop-res.cloudinary.com/c_fill,f_auto,fl_lossy,q_auto,w_800,h_400,c_pad/products/202006/5ef06e1da22a9.jpg"
LaSalle,$19.95,https://www.glassesshop.com/eyeglasses/fp2051,"https://glassesshop-res.cloudinary.com/c_fill,f_auto,fl_lossy,q_auto,w_800,h_400,c_pad/products/202004/5ea6a6a3044b0.jpg"
Buckeye,$29.95,https://www.glassesshop.com/eyeglasses/fz1094,"https://glassesshop-res.cloudinary.com/c_fill,f_auto,fl_lossy,q_auto,w_800,h_400,c_pad/products/201811/5bff5bf27139c.jpg"
Annabelle,$24.95,https://www.glassesshop.com/eyeglasses/fp2084,"https://glassesshop-res.cloudinary.com/c_fill,f_auto,fl_lossy,q_auto,w_800,h_400,c_pad/products/202005/5eb8b580659c5.jpg"
Lagrange,$29.95,https://www.glassesshop.com/eyeglasses/fz1410,"https://glassesshop-res.cloudinary.com/c_fill,f_auto,fl_lossy,q_auto,w_800,h_400,c_pad/products/202004/5ea6ac418dbbe.jpg"
Yonkers,$12.95,https://www.glassesshop.com/eyeglasses/fp1985,"https://glassesshop-res.cloudinary.com/c_fill,f_auto,fl_lossy,q_auto,w_800,h_400,c_pad/products/202006/5ee738a2b6efb.jpg"
Beulah,$29.95,https://www.glassesshop.com/eyeglasses/fz1248,"https://glassesshop-res.cloudinary.com/c_fill,f_auto,fl_lossy,q_auto,w_800,h_400,c_pad/products/201910/5daeb8c27e48e.jpg"
Nicole,$19.95,https://www.glassesshop.com/eyeglasses/fz1084,"https://glassesshop-res.cloudinary.com/c_fill,f_auto,fl_lossy,q_auto,w_800,h_400,c_pad/products/201710/59e01c2d210b5.jpg"
Arlington,$34.95,https://www.glassesshop.com/eyeglasses/fz1545,"https://glassesshop-res.cloudinary.com/c_fill,f_auto,fl_lossy,q_auto,w_800,h_400,c_pad/products/202011/5f9fb030b8569.jpg"
Jessica,$24.95,https://www.glassesshop.com/eyeglasses/fp2091,"https://glassesshop-res.cloudinary.com/c_fill,f_auto,fl_lossy,q_auto,w_800,h_400,c_pad/products/202007/5f2119aa34633.jpg"
Joni,$29.95,https://www.glassesshop.com/eyeglasses/fp2025,"https://glassesshop-res.cloudinary.com/c_fill,f_auto,fl_lossy,q_auto,w_800,h_400,c_pad/products/201911/5dd3995ac6aa2.jpg"
Guelph,$12.95,https://www.glassesshop.com/eyeglasses/fp2003,"https://glassesshop-res.cloudinary.com/c_fill,f_auto,fl_lossy,q_auto,w_800,h_400,c_pad/products/201910/5da04f95e4904.jpg"
Tacab,$19.95,https://www.glassesshop.com/eyeglasses/fp1834,"https://glassesshop-res.cloudinary.com/c_fill,f_auto,fl_lossy,q_auto,w_800,h_400,c_pad/products/201904/5cb69b510ef0c.jpg"
Mason,$29.95,https://www.glassesshop.com/eyeglasses/fp1639,"https://glassesshop-res.cloudinary.com/c_fill,f_auto,fl_lossy,q_auto,w_800,h_400,c_pad/products/201805/5afe7e64195f1.jpg"
Cooksville,$24.95,https://www.glassesshop.com/eyeglasses/fp1566,"https://glassesshop-res.cloudinary.com/c_fill,f_auto,fl_lossy,q_auto,w_800,h_400,c_pad/products/201803/5ab495953edf7.jpg"
Irvine,$24.95,https://www.glassesshop.com/eyeglasses/fp2075,"https://glassesshop-res.cloudinary.com/c_fill,f_auto,fl_lossy,q_auto,w_800,h_400,c_pad/products/202005/5eb8b543cf393.jpg"
Eden,$19.95,https://www.glassesshop.com/eyeglasses/fp2066,"https://glassesshop-res.cloudinary.com/c_fill,f_auto,fl_lossy,q_auto,w_800,h_400,c_pad/products/202004/5ea6a72682be1.jpg"
Bloor,$12.95,https://www.glassesshop.com/eyeglasses/fp1920,"https://glassesshop-res.cloudinary.com/c_fill,f_auto,fl_lossy,q_auto,w_800,h_400,c_pad/products/201908/5d4d18eee5210.jpg"
Hyannis,$29.95,https://www.glassesshop.com/eyeglasses/fp1111,"https://glassesshop-res.cloudinary.com/c_fill,f_auto,fl_lossy,q_auto,w_800,h_400,c_pad/products/201708/5983fe6c817c5.jpg"
Hubbard,$19.95,https://www.glassesshop.com/eyeglasses/fp1781,"https://glassesshop-res.cloudinary.com/c_fill,f_auto,fl_lossy,q_auto,w_800,h_400,c_pad/products/201812/5c244586d7042.jpg"
Annabelle,$24.95,https://www.glassesshop.com/eyeglasses/fp2085,"https://glassesshop-res.cloudinary.com/c_fill,f_auto,fl_lossy,q_auto,w_800,h_400,c_pad/products/202005/5eb8b587b14b5.jpg"
Horatio,$19.95,https://www.glassesshop.com/eyeglasses/sm0876,"https://glassesshop-res.cloudinary.com/c_fill,f_auto,fl_lossy,q_auto,w_800,h_400,c_pad/products/201812/5c24368513a4f.jpg"
Astrid,$19.95,https://www.glassesshop.com/eyeglasses/fp1502,"https://glassesshop-res.cloudinary.com/c_fill,f_auto,fl_lossy,q_auto,w_800,h_400,c_pad/products/201911/5dc4c1328544a.jpg"
Kelowna,$19.95,https://www.glassesshop.com/eyeglasses/fp1409,"https://glassesshop-res.cloudinary.com/c_fill,f_auto,fl_lossy,q_auto,w_800,h_400,c_pad/products/201710/59e4597b52b63.jpg"
Ogden,$24.95,https://www.glassesshop.com/eyeglasses/fp2165,"https://glassesshop-res.cloudinary.com/c_fill,f_auto,fl_lossy,q_auto,w_800,h_400,c_pad/products/202011/5f9faf1aa2b44.jpg"
Rainbow,$12.95,https://www.glassesshop.com/eyeglasses/fp2015,"https://glassesshop-res.cloudinary.com/c_fill,f_auto,fl_lossy,q_auto,w_800,h_400,c_pad/products/201910/5db16a61b4be2.jpg"
Aiden,$19.95,https://www.glassesshop.com/eyeglasses/fp1628,"https://glassesshop-res.cloudinary.com/c_fill,f_auto,fl_lossy,q_auto,w_800,h_400,c_pad/products/201805/5afe7d25ef34e.jpg"
Bloor,$12.95,https://www.glassesshop.com/eyeglasses/fp1919,"https://glassesshop-res.cloudinary.com/c_fill,f_auto,fl_lossy,q_auto,w_800,h_400,c_pad/products/201908/5d4d18ea9e41c.jpg"
Marina,$29.95,https://www.glassesshop.com/eyeglasses/fm1445,"https://glassesshop-res.cloudinary.com/c_fill,f_auto,fl_lossy,q_auto,w_800,h_400,c_pad/products/202002/5e4368da0acf0.jpg"
Oswald,$19.95,https://www.glassesshop.com/eyeglasses/fp1741,"https://glassesshop-res.cloudinary.com/c_fill,f_auto,fl_lossy,q_auto,w_800,h_400,c_pad/products/201807/5b4c4e2ea05f7.jpg"
Osmond,$19.95,https://www.glassesshop.com/eyeglasses/fp1736,"https://glassesshop-res.cloudinary.com/c_fill,f_auto,fl_lossy,q_auto,w_800,h_400,c_pad/products/201807/5b4c4e070880d.jpg"
Angel,$19.95,https://www.glassesshop.com/eyeglasses/fp1647,"https://glassesshop-res.cloudinary.com/c_fill,f_auto,fl_lossy,q_auto,w_800,h_400,c_pad/products/201805/5afe7eacbb789.jpg"
Bellaire,$24.95,https://www.glassesshop.com/eyeglasses/fp2175,"https://glassesshop-res.cloudinary.com/c_fill,f_auto,fl_lossy,q_auto,w_800,h_400,c_pad/products/202011/5f9faf659d15f.jpg"
Winston,$24.95,https://www.glassesshop.com/eyeglasses/fm1500,"https://glassesshop-res.cloudinary.com/c_fill,f_auto,fl_lossy,q_auto,w_800,h_400,c_pad/products/202010/5f9237b7bed41.jpg"
Salinas,$12.95,https://www.glassesshop.com/eyeglasses/fp2122,"https://glassesshop-res.cloudinary.com/c_fill,f_auto,fl_lossy,q_auto,w_800,h_400,c_pad/products/202008/5f30d301ad96c.jpg"
,,,
Rosemary,$29.95,https://www.glassesshop.com/eyeglasses/sup0757,"https://glassesshop-res.cloudinary.com/c_fill,f_auto,fl_lossy,q_auto,w_800,h_400,c_pad/products/202001/5e0eb46e23bdc.jpg"
Thomasville,$24.95,https://www.glassesshop.com/eyeglasses/fp1565,"https://glassesshop-res.cloudinary.com/c_fill,f_auto,fl_lossy,q_auto,w_800,h_400,c_pad/products/201803/5ab49500a3081.jpg"
Miami,$29.95,https://www.glassesshop.com/eyeglasses/fz0982,"https://glassesshop-res.cloudinary.com/c_fill,f_auto,fl_lossy,q_auto,w_800,h_400,c_pad/products/201704/58f85d7ca440d.jpg"
Hatteras,$29.95,https://www.glassesshop.com/eyeglasses/fp2132,"https://glassesshop-res.cloudinary.com/c_fill,f_auto,fl_lossy,q_auto,w_800,h_400,c_pad/products/202009/5f5edcce09795.jpg"
Land,$19.95,https://www.glassesshop.com/eyeglasses/fp1276,"https://glassesshop-res.cloudinary.com/c_fill,f_auto,fl_lossy,q_auto,w_800,h_400,c_pad/products/201701/587f15a43dd95.jpg"
Eleanore,$24.95,https://www.glassesshop.com/eyeglasses/fp2118,"https://glassesshop-res.cloudinary.com/c_fill,f_auto,fl_lossy,q_auto,w_800,h_400,c_pad/products/202008/5f30d2e73d859.jpg"
Mankato,$29.95,https://www.glassesshop.com/eyeglasses/fz1475,"https://glassesshop-res.cloudinary.com/c_fill,f_auto,fl_lossy,q_auto,w_800,h_400,c_pad/products/202006/5ef06ec3ebfde.jpg"
Waycross,$24.95,https://www.glassesshop.com/eyeglasses/fp2087,"https://glassesshop-res.cloudinary.com/c_fill,f_auto,fl_lossy,q_auto,w_800,h_400,c_pad/products/202005/5eb8b59553474.jpg"
Alturas,$29.95,https://www.glassesshop.com/eyeglasses/fm1418,"https://glassesshop-res.cloudinary.com/c_fill,f_auto,fl_lossy,q_auto,w_800,h_400,c_pad/products/202002/5e377f54bf756.jpg"
Alturas,$29.95,https://www.glassesshop.com/eyeglasses/fm1417,"https://glassesshop-res.cloudinary.com/c_fill,f_auto,fl_lossy,q_auto,w_800,h_400,c_pad/products/202002/5e377f4d9cb97.jpg"
Matthew,$44.95,https://www.glassesshop.com/eyeglasses/sm0751,"https://glassesshop-res.cloudinary.com/c_fill,f_auto,fl_lossy,q_auto,w_800,h_400,c_pad/products/201707/5965e6954a9f3.jpg"
Dinas,$12.95,https://www.glassesshop.com/eyeglasses/fp1946,"https://glassesshop-res.cloudinary.com/c_fill,f_auto,fl_lossy,q_auto,w_800,h_400,c_pad/products/201911/5dc4c139ac5ce.jpg"
,,,
Laura,$29.95,https://www.glassesshop.com/eyeglasses/fz1098,"https://glassesshop-res.cloudinary.com/c_fill,f_auto,fl_lossy,q_auto,w_800,h_400,c_pad/products/201710/59e01c91dd8f1.jpg"
Wheaton,$44.95,https://www.glassesshop.com/eyeglasses/ft0389,"https://glassesshop-res.cloudinary.com/c_fill,f_auto,fl_lossy,q_auto,w_800,h_400,c_pad/products/202004/5ea6a7748d48b.jpg"
LaSalle,$19.95,https://www.glassesshop.com/eyeglasses/fp2052,"https://glassesshop-res.cloudinary.com/c_fill,f_auto,fl_lossy,q_auto,w_800,h_400,c_pad/products/202004/5ea6a6aa1fb34.jpg"
,,,
Abra,$19.95,https://www.glassesshop.com/eyeglasses/fp1942,"https://glassesshop-res.cloudinary.com/c_fill,f_auto,fl_lossy,q_auto,w_800,h_400,c_pad/products/201910/5db00f2136e16.jpg"
Bloor,$12.95,https://www.glassesshop.com/eyeglasses/fp1918,"https://glassesshop-res.cloudinary.com/c_fill,f_auto,fl_lossy,q_auto,w_800,h_400,c_pad/products/201908/5d4d18e5deb94.jpg"
Rochester,$9.95,https://www.glassesshop.com/eyeglasses/fm1383,"https://glassesshop-res.cloudinary.com/c_fill,f_auto,fl_lossy,q_auto,w_800,h_400,c_pad/products/201906/5cff0f5a59b35.jpg"
Norfolk,$34.95,https://www.glassesshop.com/eyeglasses/fm1464,"https://glassesshop-res.cloudinary.com/c_fill,f_auto,fl_lossy,q_auto,w_800,h_400,c_pad/products/202012/5fca07a36bd0c.jpg"
Sherwood,$29.95,https://www.glassesshop.com/eyeglasses/sm0885,"https://glassesshop-res.cloudinary.com/c_fill,f_auto,fl_lossy,q_auto,w_800,h_400,c_pad/products/201905/5cdcb3e76ce02.jpg"
Binghamton,$19.95,https://www.glassesshop.com/eyeglasses/fp1811,"https://glassesshop-res.cloudinary.com/c_fill,f_auto,fl_lossy,q_auto,w_800,h_400,c_pad/products/201910/5db296d2d588a.jpg"
Americus,$24.95,https://www.glassesshop.com/eyeglasses/fp2080,"https://glassesshop-res.cloudinary.com/c_fill,f_auto,fl_lossy,q_auto,w_800,h_400,c_pad/products/202005/5eb8b56570204.jpg"
Igemar,$29.95,https://www.glassesshop.com/eyeglasses/fm1258,"https://glassesshop-res.cloudinary.com/c_fill,f_auto,fl_lossy,q_auto,w_800,h_400,c_pad/products/201806/5b1a361aca3b8.jpg"
Avon,$19.95,https://www.glassesshop.com/eyeglasses/fm1476,"https://glassesshop-res.cloudinary.com/c_fill,f_auto,fl_lossy,q_auto,w_800,h_400,c_pad/products/202008/5f475d9a595a9.jpg"
Norfolk,$34.95,https://www.glassesshop.com/eyeglasses/fm1462,"https://glassesshop-res.cloudinary.com/c_fill,f_auto,fl_lossy,q_auto,w_800,h_400,c_pad/products/202005/5eb913b653862.jpg"
Carmelita,$54.95,https://www.glassesshop.com/eyeglasses/ft0319,"https://glassesshop-res.cloudinary.com/c_fill,f_auto,fl_lossy,q_auto,w_800,h_400,c_pad/products/201906/5d03189692b6e.jpg"
Novia,$19.95,https://www.glassesshop.com/eyeglasses/fp1699,"https://glassesshop-res.cloudinary.com/c_fill,f_auto,fl_lossy,q_auto,w_800,h_400,c_pad/products/201805/5b03bbbbf1499.jpg"
Allen,$19.95,https://www.glassesshop.com/eyeglasses/sm0900,"https://glassesshop-res.cloudinary.com/c_fill,f_auto,fl_lossy,q_auto,w_800,h_400,c_pad/products/202009/5f5f30da5833b.jpg"
Joplin,$24.95,https://www.glassesshop.com/eyeglasses/fz1491,"https://glassesshop-res.cloudinary.com/c_fill,f_auto,fl_lossy,q_auto,w_800,h_400,c_pad/products/202008/5f30c11add35e.jpg"
Owen,$19.95,https://www.glassesshop.com/eyeglasses/fp1651,"https://glassesshop-res.cloudinary.com/c_fill,f_auto,fl_lossy,q_auto,w_800,h_400,c_pad/products/201805/5afe7ed0f360c.jpg"
Poppy,$29.95,https://www.glassesshop.com/eyeglasses/fz1032,"https://glassesshop-res.cloudinary.com/c_fill,f_auto,fl_lossy,q_auto,w_800,h_400,c_pad/products/202010/5f990771305f0.jpg"
Christine,$39.95,https://www.glassesshop.com/eyeglasses/fz1519,"https://glassesshop-res.cloudinary.com/c_fill,f_auto,fl_lossy,q_auto,w_800,h_400,c_pad/products/202009/5f6870463d4b7.jpg"
Amelia,$34.95,https://www.glassesshop.com/eyeglasses/fm1468,"https://glassesshop-res.cloudinary.com/c_fill,f_auto,fl_lossy,q_auto,w_800,h_400,c_pad/products/202011/5fa35a38a05d9.jpg"
Murphy,$39.95,https://www.glassesshop.com/eyeglasses/fp1747,"https://glassesshop-res.cloudinary.com/c_fill,f_auto,fl_lossy,q_auto,w_800,h_400,c_pad/products/201807/5b5fc22e9933f.jpg"
Murphy,$39.95,https://www.glassesshop.com/eyeglasses/fp1746,"https://glassesshop-res.cloudinary.com/c_fill,f_auto,fl_lossy,q_auto,w_800,h_400,c_pad/products/201811/5bebc0387547c.jpg"
Amelia,$34.95,https://www.glassesshop.com/eyeglasses/fm1553,"https://glassesshop-res.cloudinary.com/c_fill,f_auto,fl_lossy,q_auto,w_800,h_400,c_pad/products/202011/5fb23e9eb06f6.jpg"
Baldwin,$19.95,https://www.glassesshop.com/eyeglasses/fp1619,"https://glassesshop-res.cloudinary.com/c_fill,f_auto,fl_lossy,q_auto,w_800,h_400,c_pad/products/201805/5afe7d1daed84.jpg"
Endicott,$29.95,https://www.glassesshop.com/eyeglasses/fz1392,"https://glassesshop-res.cloudinary.com/c_fill,f_auto,fl_lossy,q_auto,w_800,h_400,c_pad/products/201910/5d9ffa72dbb0e.jpg"
Christine,$39.95,https://www.glassesshop.com/eyeglasses/fz1520,"https://glassesshop-res.cloudinary.com/c_fill,f_auto,fl_lossy,q_auto,w_800,h_400,c_pad/products/202009/5f68704cbcf03.jpg"
Celeste,$34.95,https://www.glassesshop.com/eyeglasses/fm1471,"https://glassesshop-res.cloudinary.com/c_fill,f_auto,fl_lossy,q_auto,w_800,h_400,c_pad/products/202008/5f30d2a299820.jpg"
Joyce,$12.95,https://www.glassesshop.com/eyeglasses/fp1505,"https://glassesshop-res.cloudinary.com/c_fill,f_auto,fl_lossy,q_auto,w_800,h_400,c_pad/products/201712/5a2f93753d9d9.jpg"
Amelia,$34.95,https://www.glassesshop.com/eyeglasses/fm1469,"https://glassesshop-res.cloudinary.com/c_fill,f_auto,fl_lossy,q_auto,w_800,h_400,c_pad/products/202008/5f30d295f0a38.jpg"
Celeste,$34.95,https://www.glassesshop.com/eyeglasses/fm1470,"https://glassesshop-res.cloudinary.com/c_fill,f_auto,fl_lossy,q_auto,w_800,h_400,c_pad/products/202008/5f30d29c54cab.jpg"
Acacia,$19.95,https://www.glassesshop.com/eyeglasses/fp1945,"https://glassesshop-res.cloudinary.com/c_fill,f_auto,fl_lossy,q_auto,w_800,h_400,c_pad/products/201910/5daeb701ef20c.jpg"
Joplin,$24.95,https://www.glassesshop.com/eyeglasses/fz1492,"https://glassesshop-res.cloudinary.com/c_fill,f_auto,fl_lossy,q_auto,w_800,h_400,c_pad/products/202008/5f30c121b9e45.jpg"
Salisbury,$19.95,https://www.glassesshop.com/eyeglasses/fp2104,"https://glassesshop-res.cloudinary.com/c_fill,f_auto,fl_lossy,q_auto,w_800,h_400,c_pad/products/202006/5ef06e2c51365.jpg"
Elaine,$39.95,https://www.glassesshop.com/eyeglasses/sm0889,"https://glassesshop-res.cloudinary.com/c_fill,f_auto,fl_lossy,q_auto,w_800,h_400,c_pad/products/202002/5e377fe534902.jpg"
Prairie,$34.95,https://www.glassesshop.com/eyeglasses/fz1512,"https://glassesshop-res.cloudinary.com/c_fill,f_auto,fl_lossy,q_auto,w_800,h_400,c_pad/products/202009/5f5f30f4cd92b.jpg"
